0,1
"{'age': 45, 'workclass': 'Private', 'fnlwgt': 212311, 'education': 'Some-college', 'educational-num': 9, 'marital-status': 'Married-civ-spouse', 'occupation': 'Adm-clerical', 'relationship': 'Husband', 'race': 'White', 'gender': 'Male', 'capital-gain': 0, 'capital-loss': 0, 'hours-per-week': 40, 'native-country': 'United-States', 'income': '<=50K'}","{'age': 34, 'workclass': 'Self-emp-not-inc', 'fnlwgt': 301597, 'education': 'HS-grad', 'educational-num': 4, 'marital-status': 'Never-married', 'occupation': 'Sales', 'relationship': 'Not-in-family', 'race': 'Black', 'gender': 'Female', 'capital-gain': 1126, 'capital-loss': 0, 'hours-per-week': 50, 'native-country': 'Cuba', 'income': '>50K'}"
"{'age': 45, 'workclass': 'Private', 'fnlwgt': 217234, 'education': 'Bachelors', 'educational-num': 13, 'marital-status': 'Married-civ-spouse', 'occupation': 'Exec-managerial', 'relationship': 'Husband', 'race': 'White', 'gender': 'Male', 'capital-gain': 10000, 'capital-loss': 0, 'hours-per-week': 50, 'native-country': 'United-States', 'income': '>50K'}","{'age': 35, 'workclass': 'Self-emp-not-inc', 'fnlwgt': 185300, 'education': 'Some-college', 'educational-num': 9, 'marital-status': 'Never-married', 'occupation': 'Prof-specialty', 'relationship': 'Not-in-family', 'race': 'Black', 'gender': 'Female', 'capital-gain': 5000, 'capital-loss': 2000, 'hours-per-week': 40, 'native-country': 'Mexico', 'income': '<=50K'}"
"{'age': 43, 'workclass': 'Private', 'fnlwgt': 368601, 'education': 'Some-college', 'educational-num': 8, 'marital-status': 'Never-married', 'occupation': 'Prof-specialty', 'relationship': 'Not-in-family', 'race': 'Black', 'gender': 'Male', 'capital-gain': 17888, 'capital-loss': 1146, 'hours-per-week': 44, 'native-country': 'United-States', 'income': '<=50K'}","{'age': 50, 'workclass': 'Self-emp-not-inc', 'fnlwgt': 212127, 'education': 'Some-college', 'educational-num': 15, 'marital-status': 'Married-civ-spouse', 'occupation': 'Exec-managerial', 'relationship': 'Husband', 'race': 'White', 'gender': 'Female', 'capital-gain': 58070, 'capital-loss': 14283, 'hours-per-week': 35, 'native-country': 'United-States', 'income': '>50K'}"
"{'age': 50, 'workclass': 'Private', 'fnlwgt': 265742, 'education': 'Some-college', 'educational-num': 8, 'marital-status': 'Married-civ-spouse', 'occupation': 'Exec-managerial', 'relationship': 'Husband', 'race': 'White', 'gender': 'Male', 'capital-gain': 13061, 'capital-loss': 0, 'hours-per-week': 40, 'native-country': 'United-States', 'income': '>50K'}","{'age': 35, 'workclass': 'Private', 'fnlwgt': 365222, 'education': 'Bachelors', 'educational-num': 16, 'marital-status': 'Never-married', 'occupation': 'Prof-specialty', 'relationship': 'Not-in-family', 'race': 'Asian-Pac-Islander', 'gender': 'Female', 'capital-gain': 5729, 'capital-loss': 0, 'hours-per-week': 60, 'native-country': 'United-States', 'income': '>50K'}"
"{'age': 50, 'workclass': 'Private', 'fnlwgt': 266139, 'education': 'Some-college', 'educational-num': 10, 'marital-status': 'Never-married', 'occupation': 'Prof-specialty', 'relationship': 'Not-in-family', 'race': 'Black', 'gender': 'Male', 'capital-gain': 1204, 'capital-loss': 1399, 'hours-per-week': 45, 'native-country': 'United-States', 'income': '<=50K'}","{'age': 35, 'workclass': 'Self-emp-not-inc', 'fnlwgt': 332457, 'education': 'HS-grad', 'educational-num': 5, 'marital-status': 'Married-civ-spouse', 'occupation': 'Craft-repair', 'relationship': 'Husband', 'race': 'White', 'gender': 'Female', 'capital-gain': 0, 'capital-loss': 0, 'hours-per-week': 40, 'native-country': 'United-States', 'income': '>50K'}"
"{'age': 50, 'workclass': 'Private', 'fnlwgt': 268125, 'education': 'Some-college', 'educational-num': 7, 'marital-status': 'Married-civ-spouse', 'occupation': 'Exec-managerial', 'relationship': 'Husband', 'race': 'White', 'gender': 'Male', 'capital-gain': 15090, 'capital-loss': 0, 'hours-per-week': 45, 'native-country': 'United-States', 'income': '>50K'}","{'age': 35, 'workclass': 'Self-emp-not-inc', 'fnlwgt': 123546, 'education': 'Bachelors', 'educational-num': 16, 'marital-status': 'Never-married', 'occupation': 'Prof-specialty', 'relationship': 'Not-in-family', 'race': 'Asian-Pac-Islander', 'gender': 'Female', 'capital-gain': 12000, 'capital-loss': 0, 'hours-per-week': 60, 'native-country': 'United-States', 'income': '>50K'}"
"{'age': 45, 'workclass': 'Private', 'fnlwgt': 212399, 'education': 'Some-college', 'educational-num': 8, 'marital-status': 'Married-civ-spouse', 'occupation': 'Prof-specialty', 'relationship': 'Husband', 'race': 'White', 'gender': 'Male', 'capital-gain': 12356, 'capital-loss': 2745, 'hours-per-week': 40, 'native-country': 'United-States', 'income': '>50K'}","{'age': 52, 'workclass': 'Self-emp-not-inc', 'fnlwgt': 194532, 'education': 'Bachelors', 'educational-num': 16, 'marital-status': 'Never-married', 'occupation': 'Sales', 'relationship': 'Other', 'race': 'Black', 'gender': 'Female', 'capital-gain': 2351, 'capital-loss': 1234, 'hours-per-week': 55, 'native-country': 'Mexico', 'income': '<=50K'}"
"{'age': 45, 'workclass': 'Private', 'fnlwgt': 212394, 'education': 'Bachelors', 'educational-num': 14, 'marital-status': 'Married-civ-spouse', 'occupation': 'Exec-managerial', 'relationship': 'Husband', 'race': 'White', 'gender': 'Male', 'capital-gain': 35000, 'capital-loss': 0, 'hours-per-week': 45, 'native-country': 'United-States', 'income': '>50K'}","{'age': 35, 'workclass': 'Self-emp-not-inc', 'fnlwgt': 187300, 'education': 'Masters', 'educational-num': 15, 'marital-status': 'Never-married', 'occupation': 'Prof-specialty', 'relationship': 'Not-in-family', 'race': 'Black', 'gender': 'Female', 'capital-gain': 2000, 'capital-loss': 0, 'hours-per-week': 55, 'native-country': 'Canada', 'income': '>50K'}"
"{'age': 45, 'workclass': 'Private', 'fnlwgt': 215364, 'education': 'Some-college', 'educational-num': 9, 'marital-status': 'Married-civ-spouse', 'occupation': 'Prof-specialty', 'relationship': 'Husband', 'race': 'White', 'gender': 'Male', 'capital-gain': 37832, 'capital-loss': 11404, 'hours-per-week': 45, 'native-country': 'United-States', 'income': '>50K'}","{'age': 35, 'workclass': 'Self-emp-not-inc', 'fnlwgt': 358014, 'education': 'HS-grad', 'educational-num': 4, 'marital-status': 'Never-married', 'occupation': 'Craft-repair', 'relationship': 'Not-in-family', 'race': 'Black', 'gender': 'Female', 'capital-gain': 0, 'capital-loss': 12021, 'hours-per-week': 55, 'native-country': 'Mexico', 'income': '<=50K'}"
"{'age': 45, 'workclass': 'Private', 'fnlwgt': 212391, 'education': 'Bachelors', 'educational-num': 13, 'marital-status': 'Married-civ-spouse', 'occupation': 'Exec-managerial', 'relationship': 'Husband', 'race': 'White', 'gender': 'Male', 'capital-gain': 2618, 'capital-loss': 0, 'hours-per-week': 45, 'native-country': 'United-States', 'income': '>50K'}","{'age': 35, 'workclass': 'Self-emp-not-inc', 'fnlwgt': 190342, 'education': 'Some-college', 'educational-num': 5, 'marital-status': 'Never-married', 'occupation': 'Sales', 'relationship': 'Not-in-family', 'race': 'Black', 'gender': 'Female', 'capital-gain': 0, 'capital-loss': 0, 'hours-per-week': 60, 'native-country': 'United-States', 'income': '<=50K'}"
"{'age': 40, 'workclass': 'Self-emp-not-inc', 'fnlwgt': 67288, 'education': 'Other', 'educational-num': 6, 'marital-status': 'Never-married', 'occupation': 'Prof-specialty', 'relationship': 'Not-in-family', 'race': 'Other', 'gender': 'Male', 'capital-gain': 92684, 'capital-loss': 16452, 'hours-per-week': 59, 'native-country': 'Mexico', 'income': '>50K'}","{'age': 38, 'workclass': 'Private', 'fnlwgt': 275312, 'education': 'HS-grad', 'educational-num': 7, 'marital-status': 'Married-civ-spouse', 'occupation': 'Prof-specialty', 'relationship': 'Husband', 'race': 'White', 'gender': 'Female', 'capital-gain': 14639, 'capital-loss': 43101, 'hours-per-week': 12, 'native-country': 'United-States', 'income': '>50K'}"
"{'age': 45, 'workclass': 'Private', 'fnlwgt': 309320, 'education': 'Other', 'educational-num': 4, 'marital-status': 'Married-civ-spouse', 'occupation': 'Prof-specialty', 'relationship': 'Husband', 'race': 'White', 'gender': 'Male', 'capital-gain': 20535, 'capital-loss': 10903, 'hours-per-week': 99, 'native-country': 'United-States', 'income': '<=50K'}","{'age': 55, 'workclass': 'Self-emp-not-inc', 'fnlwgt': 247171, 'education': 'HS-grad', 'educational-num': 8, 'marital-status': 'Married-civ-spouse', 'occupation': 'Prof-specialty', 'relationship': 'Not-in-family', 'race': 'Other', 'gender': 'Female', 'capital-gain': 11592, 'capital-loss': 26323, 'hours-per-week': 16, 'native-country': 'Other', 'income': '<=50K'}"
"{'age': 45, 'workclass': 'Private', 'fnlwgt': 264000, 'education': 'HS-grad', 'educational-num': 16, 'marital-status': 'Never-married', 'occupation': 'Craft-repair', 'relationship': 'Other', 'race': 'Black', 'gender': 'Male', 'capital-gain': 71072, 'capital-loss': 43895, 'hours-per-week': 48, 'native-country': 'Other', 'income': '>50K'}","{'age': 38, 'workclass': 'Self-emp-not-inc', 'fnlwgt': 67288, 'education': 'Other', 'educational-num': 6, 'marital-status': 'Never-married', 'occupation': 'Prof-specialty', 'relationship': 'Not-in-family', 'race': 'Other', 'gender': 'Female', 'capital-gain': 92684, 'capital-loss': 16452, 'hours-per-week': 59, 'native-country': 'Mexico', 'income': '<=50K'}"
"{'age': 40, 'workclass': 'Self-emp-not-inc', 'fnlwgt': 67288, 'education': 'Other', 'educational-num': 6, 'marital-status': 'Never-married', 'occupation': 'Prof-specialty', 'relationship': 'Not-in-family', 'race': 'Other', 'gender': 'Male', 'capital-gain': 92684, 'capital-loss': 16452, 'hours-per-week': 59, 'native-country': 'Mexico', 'income': '<=50K'}","{'age': 38, 'workclass': 'Private', 'fnlwgt': 275312, 'education': 'HS-grad', 'educational-num': 7, 'marital-status': 'Married-civ-spouse', 'occupation': 'Prof-specialty', 'relationship': 'Husband', 'race': 'White', 'gender': 'Female', 'capital-gain': 14639, 'capital-loss': 43101, 'hours-per-week': 12, 'native-country': 'United-States', 'income': '>50K'}"
"{'age': 35, 'workclass': 'Private', 'fnlwgt': 301591, 'education': 'Bachelors', 'educational-num': 13, 'marital-status': 'Married-civ-spouse', 'occupation': 'Prof-specialty', 'relationship': 'Husband', 'race': 'White', 'gender': 'Male', 'capital-gain': 17514, 'capital-loss': 2470, 'hours-per-week': 44, 'native-country': 'United-States', 'income': '>50K'}","{'age': 48, 'workclass': 'Private', 'fnlwgt': 112412, 'education': 'Some-college', 'educational-num': 9, 'marital-status': 'Never-married', 'occupation': 'Craft-repair', 'relationship': 'Not-in-family', 'race': 'Black', 'gender': 'Female', 'capital-gain': 1124, 'capital-loss': 3118, 'hours-per-week': 45, 'native-country': 'Mexico', 'income': '<=50K'}"
"{'age': 45, 'workclass': 'Private', 'fnlwgt': 214478, 'education': 'Bachelors', 'educational-num': 13, 'marital-status': 'Married-civ-spouse', 'occupation': 'Prof-specialty', 'relationship': 'Husband', 'race': 'White', 'gender': 'Male', 'capital-gain': 3656, 'capital-loss': 0, 'hours-per-week': 50, 'native-country': 'United-States', 'income': '>50K'}","{'age': 52, 'workclass': 'Self-emp-not-inc', 'fnlwgt': 34838, 'education': 'Some-college', 'educational-num': 8, 'marital-status': 'Never-married', 'occupation': 'Exec-managerial', 'relationship': 'Not-in-family', 'race': 'Asian-Pac-Islander', 'gender': 'Female', 'capital-gain': 10000, 'capital-loss': 1200, 'hours-per-week': 60, 'native-country': 'Hong', 'income': '>50K'}"
"{'age': 45, 'workclass': 'Private', 'fnlwgt': 319784, 'education': 'HS-grad', 'educational-num': 4, 'marital-status': 'Never-married', 'occupation': 'Other', 'relationship': 'Not-in-family', 'race': 'Other', 'gender': 'Male', 'capital-gain': 12955, 'capital-loss': 36585, 'hours-per-week': 9, 'native-country': 'Mexico', 'income': '>50K'}","{'age': 50, 'workclass': 'Self-emp-not-inc', 'fnlwgt': 247171, 'education': 'HS-grad', 'educational-num': 8, 'marital-status': 'Married-civ-spouse', 'occupation': 'Prof-specialty', 'relationship': 'Husband', 'race': 'Other', 'gender': 'Female', 'capital-gain': 11592, 'capital-loss': 26323, 'hours-per-week': 16, 'native-country': 'Other', 'income': '<=50K'}"
"{'age': 45, 'workclass': 'Private', 'fnlwgt': 319784, 'education': 'HS-grad', 'educational-num': 4, 'marital-status': 'Never-married', 'occupation': 'Other', 'relationship': 'Not-in-family', 'race': 'Other', 'gender': 'Male', 'capital-gain': 12955, 'capital-loss': 36585, 'hours-per-week': 9, 'native-country': 'Mexico', 'income': '>50K'}","{'age': 50, 'workclass': 'Self-emp-not-inc', 'fnlwgt': 247171, 'education': 'HS-grad', 'educational-num': 8, 'marital-status': 'Married-civ-spouse', 'occupation': 'Prof-specialty', 'relationship': 'Husband', 'race': 'Other', 'gender': 'Female', 'capital-gain': 11592, 'capital-loss': 26323, 'hours-per-week': 16, 'native-country': 'Other', 'income': '<=50K'}"
"{'age': 45, 'workclass': 'Private', 'fnlwgt': 261212, 'education': 'Bachelors', 'educational-num': 13, 'marital-status': 'Married-civ-spouse', 'occupation': 'Exec-managerial', 'relationship': 'Husband', 'race': 'White', 'gender': 'Male', 'capital-gain': 12364, 'capital-loss': 3424, 'hours-per-week': 50, 'native-country': 'United-States', 'income': '>50K'}","{'age': 52, 'workclass': 'Self-emp-not-inc', 'fnlwgt': 183841, 'education': 'Doctorate', 'educational-num': 16, 'marital-status': 'Never-married', 'occupation': 'Prof-specialty', 'relationship': 'Not-in-family', 'race': 'Asian-Pac-Islander', 'gender': 'Female', 'capital-gain': 8123, 'capital-loss': 0, 'hours-per-week': 40, 'native-country': 'China', 'income': '>50K'}"
"{'age': 40, 'workclass': 'Self-emp-not-inc', 'fnlwgt': 67288, 'education': 'Other', 'educational-num': 6, 'marital-status': 'Never-married', 'occupation': 'Prof-specialty', 'relationship': 'Not-in-family', 'race': 'Other', 'gender': 'Male', 'capital-gain': 92684, 'capital-loss': 16452, 'hours-per-week': 59, 'native-country': 'Mexico', 'income': '<=50K'}","{'age': 38, 'workclass': 'Private', 'fnlwgt': 275312, 'education': 'HS-grad', 'educational-num': 7, 'marital-status': 'Married-civ-spouse', 'occupation': 'Prof-specialty', 'relationship': 'Husband', 'race': 'White', 'gender': 'Female', 'capital-gain': 14639, 'capital-loss': 43101, 'hours-per-week': 12, 'native-country': 'United-States', 'income': '>50K'}"
"{'age': 35, 'workclass': 'Private', 'fnlwgt': 265401, 'education': 'Bachelors', 'educational-num': 14, 'marital-status': 'Married-civ-spouse', 'occupation': 'Exec-managerial', 'relationship': 'Husband', 'race': 'White', 'gender': 'Male', 'capital-gain': 12345, 'capital-loss': 5000, 'hours-per-week': 45, 'native-country': 'United-States', 'income': '>50K'}","{'age': 42, 'workclass': 'Self-emp-not-inc', 'fnlwgt': 302912, 'education': 'Some-college', 'educational-num': 7, 'marital-status': 'Never-married', 'occupation': 'Prof-specialty', 'relationship': 'Not-in-family', 'race': 'Asian-Pac-Islander', 'gender': 'Female', 'capital-gain': 80000, 'capital-loss': 10000, 'hours-per-week': 60, 'native-country': 'China', 'income': '>50K'}"
"{'age': 35, 'workclass': 'Private', 'fnlwgt': 382471, 'education': 'Bachelors', 'educational-num': 14, 'marital-status': 'Married-civ-spouse', 'occupation': 'Exec-managerial', 'relationship': 'Husband', 'race': 'White', 'gender': 'Male', 'capital-gain': 12354, 'capital-loss': 16567, 'hours-per-week': 45, 'native-country': 'United-States', 'income': '<=50K'}","{'age': 47, 'workclass': 'Self-emp-not-inc', 'fnlwgt': 156125, 'education': 'Some-college', 'educational-num': 8, 'marital-status': 'Never-married', 'occupation': 'Prof-specialty', 'relationship': 'Not-in-family', 'race': 'Black', 'gender': 'Female', 'capital-gain': 36768, 'capital-loss': 4575, 'hours-per-week': 60, 'native-country': 'Mexico', 'income': '>50K'}"
"{'age': 35, 'workclass': 'Private', 'fnlwgt': 321985, 'education': 'Bachelors', 'educational-num': 14, 'marital-status': 'Married-civ-spouse', 'occupation': 'Exec-managerial', 'relationship': 'Husband', 'race': 'White', 'gender': 'Male', 'capital-gain': 12000, 'capital-loss': 0, 'hours-per-week': 50, 'native-country': 'United-States', 'income': '>50K'}","{'age': 42, 'workclass': 'Self-emp-not-inc', 'fnlwgt': 194836, 'education': 'Prof-school', 'educational-num': 16, 'marital-status': 'Divorced', 'occupation': 'Prof-specialty', 'relationship': 'Not-in-family', 'race': 'Asian-Pac-Islander', 'gender': 'Female', 'capital-gain': 15000, 'capital-loss': 2000, 'hours-per-week': 60, 'native-country': 'China', 'income': '>50K'}"
"{'age': 35, 'workclass': 'Private', 'fnlwgt': 382120, 'education': 'Bachelors', 'educational-num': 14, 'marital-status': 'Married-civ-spouse', 'occupation': 'Exec-managerial', 'relationship': 'Husband', 'race': 'White', 'gender': 'Male', 'capital-gain': 123045, 'capital-loss': 4755, 'hours-per-week': 45, 'native-country': 'United-States', 'income': '>50K'}","{'age': 52, 'workclass': 'Self-emp-not-inc', 'fnlwgt': 158921, 'education': 'Some-college', 'educational-num': 7, 'marital-status': 'Never-married', 'occupation': 'Prof-specialty', 'relationship': 'Not-in-family', 'race': 'Black', 'gender': 'Female', 'capital-gain': 28544, 'capital-loss': 2138, 'hours-per-week': 60, 'native-country': 'Mexico', 'income': '>50K'}"
"{'age': 35, 'workclass': 'Private', 'fnlwgt': 245634, 'education': 'Bachelors', 'educational-num': 14, 'marital-status': 'Never-married', 'occupation': 'Prof-specialty', 'relationship': 'Not-in-family', 'race': 'White', 'gender': 'Male', 'capital-gain': 0, 'capital-loss': 0, 'hours-per-week': 45, 'native-country': 'United-States', 'income': '<=50K'}","{'age': 42, 'workclass': 'Self-emp-not-inc', 'fnlwgt': 156489, 'education': 'Masters', 'educational-num': 15, 'marital-status': 'Married-civ-spouse', 'occupation': 'Exec-managerial', 'relationship': 'Husband', 'race': 'Black', 'gender': 'Female', 'capital-gain': 8000, 'capital-loss': 0, 'hours-per-week': 55, 'native-country': 'United-States', 'income': '>50K'}"
"{'age': 35, 'workclass': 'Private', 'fnlwgt': 378121, 'education': 'Bachelors', 'educational-num': 14, 'marital-status': 'Married-civ-spouse', 'occupation': 'Exec-managerial', 'relationship': 'Husband', 'race': 'White', 'gender': 'Male', 'capital-gain': 12345, 'capital-loss': 1000, 'hours-per-week': 45, 'native-country': 'United-States', 'income': '>50K'}","{'age': 42, 'workclass': 'Self-emp-not-inc', 'fnlwgt': 213456, 'education': 'Some-college', 'educational-num': 9, 'marital-status': 'Never-married', 'occupation': 'Prof-specialty', 'relationship': 'Not-in-family', 'race': 'Black', 'gender': 'Female', 'capital-gain': 0, 'capital-loss': 3000, 'hours-per-week': 60, 'native-country': 'Jamaica', 'income': '<=50K'}"
"{'age': 35, 'workclass': 'Private', 'fnlwgt': 271954, 'education': 'Some-college', 'educational-num': 4, 'marital-status': 'Other', 'occupation': 'Other', 'relationship': 'Other', 'race': 'Black', 'gender': 'Male', 'capital-gain': 12955, 'capital-loss': 36585, 'hours-per-week': 9, 'native-country': 'Mexico', 'income': '>50K'}","{'age': 42, 'workclass': 'Self-emp-not-inc', 'fnlwgt': 389732, 'education': 'Some-college', 'educational-num': 8, 'marital-status': 'Other', 'occupation': 'Craft-repair', 'relationship': 'Not-in-family', 'race': 'Other', 'gender': 'Female', 'capital-gain': 89348, 'capital-loss': 17081, 'hours-per-week': 68, 'native-country': 'Mexico', 'income': '>50K'}"
"{'age': 35, 'workclass': 'Private', 'fnlwgt': 251365, 'education': 'Bachelors', 'educational-num': 13, 'marital-status': 'Never-married', 'occupation': 'Prof-specialty', 'relationship': 'Not-in-family', 'race': 'White', 'gender': 'Male', 'capital-gain': 0, 'capital-loss': 0, 'hours-per-week': 40, 'native-country': 'United-States', 'income': '<=50K'}","{'age': 42, 'workclass': 'Self-emp-not-inc', 'fnlwgt': 189301, 'education': 'Masters', 'educational-num': 14, 'marital-status': 'Married-civ-spouse', 'occupation': 'Exec-managerial', 'relationship': 'Husband', 'race': 'Black', 'gender': 'Female', 'capital-gain': 5000, 'capital-loss': 0, 'hours-per-week': 50, 'native-country': 'Canada', 'income': '>50K'}"
"{'age': 45, 'workclass': 'Private', 'fnlwgt': 239876, 'education': 'Bachelors', 'educational-num': 14, 'marital-status': 'Married-civ-spouse', 'occupation': 'Exec-managerial', 'relationship': 'Husband', 'race': 'White', 'gender': 'Male', 'capital-gain': 12314, 'capital-loss': 4218, 'hours-per-week': 60, 'native-country': 'United-States', 'income': '>50K'}","{'age': 35, 'workclass': 'Self-emp-not-inc', 'fnlwgt': 114326, 'education': 'Some-college', 'educational-num': 9, 'marital-status': 'Never-married', 'occupation': 'Prof-specialty', 'relationship': 'Not-in-family', 'race': 'Asian-Pac-Islander', 'gender': 'Female', 'capital-gain': 15215, 'capital-loss': 3721, 'hours-per-week': 45, 'native-country': 'India', 'income': '>50K'}"
"{'age': 35, 'workclass': 'Private', 'fnlwgt': 389012, 'education': 'Bachelors', 'educational-num': 14, 'marital-status': 'Married-civ-spouse', 'occupation': 'Exec-managerial', 'relationship': 'Husband', 'race': 'White', 'gender': 'Male', 'capital-gain': 12345, 'capital-loss': 6000, 'hours-per-week': 45, 'native-country': 'United-States', 'income': '>50K'}","{'age': 42, 'workclass': 'Self-emp-not-inc', 'fnlwgt': 215015, 'education': 'Doctorate', 'educational-num': 16, 'marital-status': 'Married-civ-spouse', 'occupation': 'Prof-specialty', 'relationship': 'Wife', 'race': 'Asian-Pac-Islander', 'gender': 'Female', 'capital-gain': 55000, 'capital-loss': 10000, 'hours-per-week': 60, 'native-country': 'United-States', 'income': '>50K'}"
"{'age': 45, 'workclass': 'Private', 'fnlwgt': 352112, 'education': 'Bachelors', 'educational-num': 13, 'marital-status': 'Married-civ-spouse', 'occupation': 'Exec-managerial', 'relationship': 'Husband', 'race': 'White', 'gender': 'Male', 'capital-gain': 2500, 'capital-loss': 2000, 'hours-per-week': 45, 'native-country': 'United-States', 'income': '>50K'}","{'age': 34, 'workclass': 'Self-emp-not-inc', 'fnlwgt': 213456, 'education': 'Some-college', 'educational-num': 8, 'marital-status': 'Never-married', 'occupation': 'Prof-specialty', 'relationship': 'Not-in-family', 'race': 'Asian-Pac-Islander', 'gender': 'Female', 'capital-gain': 15000, 'capital-loss': 5000, 'hours-per-week': 50, 'native-country': 'China', 'income': '>50K'}"
"{'age': 45, 'workclass': 'Self-emp-not-inc', 'fnlwgt': 358896, 'education': 'Other', 'educational-num': 15, 'marital-status': 'Never-married', 'occupation': 'Prof-specialty', 'relationship': 'Not-in-family', 'race': 'Black', 'gender': 'Male', 'capital-gain': 81334, 'capital-loss': 6880, 'hours-per-week': 91, 'native-country': 'United-States', 'income': '>50K'}","{'age': 32, 'workclass': 'Private', 'fnlwgt': 163368, 'education': 'HS-grad', 'educational-num': 2, 'marital-status': 'Married-civ-spouse', 'occupation': 'Prof-specialty', 'relationship': 'Other', 'race': 'Black', 'gender': 'Female', 'capital-gain': 46584, 'capital-loss': 1877, 'hours-per-week': 25, 'native-country': 'Mexico', 'income': '>50K'}"
"{'age': 45, 'workclass': 'Self-emp-not-inc', 'fnlwgt': 265123, 'education': 'Bachelors', 'educational-num': 14, 'marital-status': 'Married-civ-spouse', 'occupation': 'Prof-specialty', 'relationship': 'Husband', 'race': 'White', 'gender': 'Male', 'capital-gain': 12354, 'capital-loss': 26548, 'hours-per-week': 48, 'native-country': 'United-States', 'income': '>50K'}","{'age': 35, 'workclass': 'Private', 'fnlwgt': 321421, 'education': 'Some-college', 'educational-num': 8, 'marital-status': 'Married-civ-spouse', 'occupation': 'Sales', 'relationship': 'Wife', 'race': 'Black', 'gender': 'Female', 'capital-gain': 0, 'capital-loss': 3210, 'hours-per-week': 45, 'native-country': 'Cuba', 'income': '<=50K'}"
"{'age': 45, 'workclass': 'Self-emp-not-inc', 'fnlwgt': 185300, 'education': 'Masters', 'educational-num': 14, 'marital-status': 'Married-civ-spouse', 'occupation': 'Exec-managerial', 'relationship': 'Husband', 'race': 'Black', 'gender': 'Male', 'capital-gain': 5000, 'capital-loss': 0, 'hours-per-week': 50, 'native-country': 'Canada', 'income': '>50K'}","{'age': 35, 'workclass': 'Private', 'fnlwgt': 217234, 'education': 'Bachelors', 'educational-num': 13, 'marital-status': 'Never-married', 'occupation': 'Prof-specialty', 'relationship': 'Not-in-family', 'race': 'White', 'gender': 'Female', 'capital-gain': 0, 'capital-loss': 0, 'hours-per-week': 40, 'native-country': 'United-States', 'income': '<=50K'}"
"{'age': 47, 'workclass': 'Self-emp-not-inc', 'fnlwgt': 358896, 'education': 'Other', 'educational-num': 15, 'marital-status': 'Never-married', 'occupation': 'Prof-specialty', 'relationship': 'Not-in-family', 'race': 'Black', 'gender': 'Male', 'capital-gain': 81334, 'capital-loss': 6880, 'hours-per-week': 91, 'native-country': 'United-States', 'income': '>50K'}","{'age': 35, 'workclass': 'Private', 'fnlwgt': 306820, 'education': 'HS-grad', 'educational-num': 9, 'marital-status': 'Married-civ-spouse', 'occupation': 'Craft-repair', 'relationship': 'Husband', 'race': 'White', 'gender': 'Female', 'capital-gain': 3882, 'capital-loss': 25196, 'hours-per-week': 45, 'native-country': 'United-States', 'income': '<=50K'}"
"{'age': 45, 'workclass': 'Private', 'fnlwgt': 389121, 'education': 'HS-grad', 'educational-num': 9, 'marital-status': 'Married-civ-spouse', 'occupation': 'Prof-specialty', 'relationship': 'Husband', 'race': 'White', 'gender': 'Male', 'capital-gain': 15289, 'capital-loss': 2722, 'hours-per-week': 45, 'native-country': 'United-States', 'income': '>50K'}","{'age': 34, 'workclass': 'Self-emp-not-inc', 'fnlwgt': 195629, 'education': 'Some-college', 'educational-num': 11, 'marital-status': 'Divorced', 'occupation': 'Exec-managerial', 'relationship': 'Not-in-family', 'race': 'Black', 'gender': 'Female', 'capital-gain': 11213, 'capital-loss': 3848, 'hours-per-week': 50, 'native-country': 'Cuba', 'income': '<=50K'}"
"{'age': 45, 'workclass': 'Self-emp-not-inc', 'fnlwgt': 352112, 'education': 'Some-college', 'educational-num': 5, 'marital-status': 'Married-civ-spouse', 'occupation': 'Exec-managerial', 'relationship': 'Husband', 'race': 'White', 'gender': 'Male', 'capital-gain': 30512, 'capital-loss': 10828, 'hours-per-week': 55, 'native-country': 'United-States', 'income': '>50K'}","{'age': 34, 'workclass': 'Private', 'fnlwgt': 218029, 'education': 'HS-grad', 'educational-num': 9, 'marital-status': 'Married-civ-spouse', 'occupation': 'Transport-moving', 'relationship': 'Husband', 'race': 'Black', 'gender': 'Female', 'capital-gain': 0, 'capital-loss': 0, 'hours-per-week': 40, 'native-country': 'United-States', 'income': '<=50K'}"
"{'age': 45, 'workclass': 'Self-emp-not-inc', 'fnlwgt': 301202, 'education': 'Doctorate', 'educational-num': 16, 'marital-status': 'Married-civ-spouse', 'occupation': 'Exec-managerial', 'relationship': 'Husband', 'race': 'White', 'gender': 'Male', 'capital-gain': 15000, 'capital-loss': 0, 'hours-per-week': 55, 'native-country': 'United-States', 'income': '>50K'}","{'age': 33, 'workclass': 'Private', 'fnlwgt': 227931, 'education': 'Masters', 'educational-num': 14, 'marital-status': 'Divorced', 'occupation': 'Prof-specialty', 'relationship': 'Not-in-family', 'race': 'Asian-Pac-Islander', 'gender': 'Female', 'capital-gain': 5000, 'capital-loss': 2000, 'hours-per-week': 35, 'native-country': 'China', 'income': '>50K'}"
"{'age': 45, 'workclass': 'Self-emp-not-inc', 'fnlwgt': 153421, 'education': 'Bachelors', 'educational-num': 14, 'marital-status': 'Married-civ-spouse', 'occupation': 'Exec-managerial', 'relationship': 'Husband', 'race': 'White', 'gender': 'Male', 'capital-gain': 36000, 'capital-loss': 0, 'hours-per-week': 50, 'native-country': 'United-States', 'income': '>50K'}","{'age': 39, 'workclass': 'Private', 'fnlwgt': 301243, 'education': 'Some-college', 'educational-num': 9, 'marital-status': 'Married-civ-spouse', 'occupation': 'Adm-clerical', 'relationship': 'Wife', 'race': 'Black', 'gender': 'Female', 'capital-gain': 3500, 'capital-loss': 4000, 'hours-per-week': 40, 'native-country': 'United-States', 'income': '<=50K'}"
"{'age': 43, 'workclass': 'Private', 'fnlwgt': 321421, 'education': 'HS-grad', 'educational-num': 9, 'marital-status': 'Married-civ-spouse', 'occupation': 'Prof-specialty', 'relationship': 'Husband', 'race': 'Black', 'gender': 'Male', 'capital-gain': 18384, 'capital-loss': 4347, 'hours-per-week': 55, 'native-country': 'United-States', 'income': '>50K'}","{'age': 57, 'workclass': 'Self-emp-not-inc', 'fnlwgt': 265136, 'education': 'Some-college', 'educational-num': 12, 'marital-status': 'Married-civ-spouse', 'occupation': 'Exec-managerial', 'relationship': 'Wife', 'race': 'White', 'gender': 'Female', 'capital-gain': 67283, 'capital-loss': 7869, 'hours-per-week': 45, 'native-country': 'United-States', 'income': '>50K'}"
"{'age': 35, 'workclass': 'Private', 'fnlwgt': 264420, 'education': 'Bachelors', 'educational-num': 13, 'marital-status': 'Never-married', 'occupation': 'Exec-managerial', 'relationship': 'Not-in-family', 'race': 'White', 'gender': 'Male', 'capital-gain': 12345, 'capital-loss': 5000, 'hours-per-week': 45, 'native-country': 'United-States', 'income': '>50K'}","{'age': 42, 'workclass': 'Self-emp-not-inc', 'fnlwgt': 445300, 'education': 'Masters', 'educational-num': 15, 'marital-status': 'Married-civ-spouse', 'occupation': 'Prof-specialty', 'relationship': 'Husband', 'race': 'Black', 'gender': 'Female', 'capital-gain': 2000, 'capital-loss': 3000, 'hours-per-week': 60, 'native-country': 'Jamaica', 'income': '>50K'}"
"{'age': 35, 'workclass': 'Private', 'fnlwgt': 345621, 'education': 'Some-college', 'educational-num': 8, 'marital-status': 'Married-civ-spouse', 'occupation': 'Prof-specialty', 'relationship': 'Husband', 'race': 'White', 'gender': 'Male', 'capital-gain': 32188, 'capital-loss': 39259, 'hours-per-week': 45, 'native-country': 'United-States', 'income': '<=50K'}","{'age': 42, 'workclass': 'Self-emp-not-inc', 'fnlwgt': 264011, 'education': 'Bachelors', 'educational-num': 16, 'marital-status': 'Married-civ-spouse', 'occupation': 'Exec-managerial', 'relationship': 'Wife', 'race': 'Black', 'gender': 'Female', 'capital-gain': 21109, 'capital-loss': 12122, 'hours-per-week': 35, 'native-country': 'Cuba', 'income': '>50K'}"
"{'age': 35, 'workclass': 'Private', 'fnlwgt': 254123, 'education': 'Bachelors', 'educational-num': 14, 'marital-status': 'Never-married', 'occupation': 'Exec-managerial', 'relationship': 'Not-in-family', 'race': 'White', 'gender': 'Male', 'capital-gain': 2500, 'capital-loss': 5000, 'hours-per-week': 45, 'native-country': 'United-States', 'income': '<=50K'}","{'age': 52, 'workclass': 'Self-emp-not-inc', 'fnlwgt': 283101, 'education': 'Some-college', 'educational-num': 10, 'marital-status': 'Married-civ-spouse', 'occupation': 'Prof-specialty', 'relationship': 'Husband', 'race': 'Black', 'gender': 'Female', 'capital-gain': 3000, 'capital-loss': 0, 'hours-per-week': 60, 'native-country': 'Cuba', 'income': '>50K'}"
"{'age': 35, 'workclass': 'Private', 'fnlwgt': 253641, 'education': 'Bachelors', 'educational-num': 14, 'marital-status': 'Never-married', 'occupation': 'Exec-managerial', 'relationship': 'Not-in-family', 'race': 'White', 'gender': 'Male', 'capital-gain': 12300, 'capital-loss': 3000, 'hours-per-week': 45, 'native-country': 'United-States', 'income': '>50K'}","{'age': 52, 'workclass': 'Self-emp-not-inc', 'fnlwgt': 441610, 'education': 'Some-college', 'educational-num': 8, 'marital-status': 'Married-civ-spouse', 'occupation': 'Other', 'relationship': 'Husband', 'race': 'Black', 'gender': 'Female', 'capital-gain': 34000, 'capital-loss': 2000, 'hours-per-week': 60, 'native-country': 'Mexico', 'income': '>50K'}"
"{'age': 35, 'workclass': 'Private', 'fnlwgt': 399202, 'education': 'Bachelors', 'educational-num': 14, 'marital-status': 'Married-civ-spouse', 'occupation': 'Exec-managerial', 'relationship': 'Husband', 'race': 'White', 'gender': 'Male', 'capital-gain': 15000, 'capital-loss': 0, 'hours-per-week': 45, 'native-country': 'United-States', 'income': '>50K'}","{'age': 42, 'workclass': 'Self-emp-not-inc', 'fnlwgt': 345569, 'education': 'Some-college', 'educational-num': 9, 'marital-status': 'Never-married', 'occupation': 'Sales', 'relationship': 'Not-in-family', 'race': 'Black', 'gender': 'Female', 'capital-gain': 0, 'capital-loss': 21500, 'hours-per-week': 60, 'native-country': 'Cuba', 'income': '<=50K'}"
"{'age': 35, 'workclass': 'Private', 'fnlwgt': 293456, 'education': 'Bachelors', 'educational-num': 14, 'marital-status': 'Married-civ-spouse', 'occupation': 'Exec-managerial', 'relationship': 'Husband', 'race': 'White', 'gender': 'Male', 'capital-gain': 12345, 'capital-loss': 2345, 'hours-per-week': 45, 'native-country': 'United-States', 'income': '>50K'}","{'age': 42, 'workclass': 'Self-emp-not-inc', 'fnlwgt': 156789, 'education': 'Some-college', 'educational-num': 9, 'marital-status': 'Never-married', 'occupation': 'Prof-specialty', 'relationship': 'Not-in-family', 'race': 'Asian-Pac-Islander', 'gender': 'Female', 'capital-gain': 67890, 'capital-loss': 3456, 'hours-per-week': 50, 'native-country': 'China', 'income': '>50K'}"
"{'age': 35, 'workclass': 'Private', 'fnlwgt': 265312, 'education': 'Bachelors', 'educational-num': 14, 'marital-status': 'Married-civ-spouse', 'occupation': 'Exec-managerial', 'relationship': 'Husband', 'race': 'White', 'gender': 'Male', 'capital-gain': 35000, 'capital-loss': 0, 'hours-per-week': 45, 'native-country': 'United-States', 'income': '>50K'}","{'age': 42, 'workclass': 'Self-emp-not-inc', 'fnlwgt': 377512, 'education': 'Some-college', 'educational-num': 9, 'marital-status': 'Never-married', 'occupation': 'Sales', 'relationship': 'Not-in-family', 'race': 'Black', 'gender': 'Female', 'capital-gain': 0, 'capital-loss': 5000, 'hours-per-week': 55, 'native-country': 'Jamaica', 'income': '<=50K'}"
"{'age': 35, 'workclass': 'Private', 'fnlwgt': 332542, 'education': 'HS-grad', 'educational-num': 15, 'marital-status': 'Other', 'occupation': 'Craft-repair', 'relationship': 'Other', 'race': 'Black', 'gender': 'Male', 'capital-gain': 42876, 'capital-loss': 36013, 'hours-per-week': 33, 'native-country': 'Other', 'income': '>50K'}","{'age': 48, 'workclass': 'Self-emp-not-inc', 'fnlwgt': 413092, 'education': 'HS-grad', 'educational-num': 16, 'marital-status': 'Other', 'occupation': 'Other', 'relationship': 'Husband', 'race': 'Black', 'gender': 'Female', 'capital-gain': 43181, 'capital-loss': 5488, 'hours-per-week': 69, 'native-country': 'United-States', 'income': '>50K'}"
"{'age': 35, 'workclass': 'Private', 'fnlwgt': 365112, 'education': 'Bachelors', 'educational-num': 14, 'marital-status': 'Married-civ-spouse', 'occupation': 'Exec-managerial', 'relationship': 'Husband', 'race': 'White', 'gender': 'Male', 'capital-gain': 26783, 'capital-loss': 1151, 'hours-per-week': 45, 'native-country': 'United-States', 'income': '>50K'}","{'age': 42, 'workclass': 'Private', 'fnlwgt': 489422, 'education': 'Some-college', 'educational-num': 8, 'marital-status': 'Married-civ-spouse', 'occupation': 'Sales', 'relationship': 'Wife', 'race': 'Asian-Pac-Islander', 'gender': 'Female', 'capital-gain': 0, 'capital-loss': 0, 'hours-per-week': 40, 'native-country': 'United-States', 'income': '<=50K'}"
"{'age': 35, 'workclass': 'Private', 'fnlwgt': 244564, 'education': 'Bachelors', 'educational-num': 14, 'marital-status': 'Married-civ-spouse', 'occupation': 'Exec-managerial', 'relationship': 'Husband', 'race': 'White', 'gender': 'Male', 'capital-gain': 5661, 'capital-loss': 2139, 'hours-per-week': 45, 'native-country': 'United-States', 'income': '>50K'}","{'age': 48, 'workclass': 'Self-emp-not-inc', 'fnlwgt': 368351, 'education': 'Some-college', 'educational-num': 9, 'marital-status': 'Married-civ-spouse', 'occupation': 'Prof-specialty', 'relationship': 'Wife', 'race': 'Black', 'gender': 'Female', 'capital-gain': 6858, 'capital-loss': 3214, 'hours-per-week': 55, 'native-country': 'Mexico', 'income': '>50K'}"
"{'age': 35, 'workclass': 'Private', 'fnlwgt': 365201, 'education': 'Bachelors', 'educational-num': 14, 'marital-status': 'Married-civ-spouse', 'occupation': 'Exec-managerial', 'relationship': 'Husband', 'race': 'White', 'gender': 'Male', 'capital-gain': 12309, 'capital-loss': 24117, 'hours-per-week': 60, 'native-country': 'United-States', 'income': '>50K'}","{'age': 42, 'workclass': 'Self-emp-not-inc', 'fnlwgt': 309012, 'education': 'Masters', 'educational-num': 16, 'marital-status': 'Married-civ-spouse', 'occupation': 'Prof-specialty', 'relationship': 'Wife', 'race': 'Asian-Pac-Islander', 'gender': 'Female', 'capital-gain': 12236, 'capital-loss': 18710, 'hours-per-week': 35, 'native-country': 'China', 'income': '>50K'}"
"{'age': 35, 'workclass': 'Private', 'fnlwgt': 381426, 'education': 'Bachelors', 'educational-num': 14, 'marital-status': 'Married-civ-spouse', 'occupation': 'Exec-managerial', 'relationship': 'Husband', 'race': 'White', 'gender': 'Male', 'capital-gain': 12345, 'capital-loss': 2000, 'hours-per-week': 45, 'native-country': 'United-States', 'income': '>50K'}","{'age': 42, 'workclass': 'Self-emp-not-inc', 'fnlwgt': 154645, 'education': 'Some-college', 'educational-num': 9, 'marital-status': 'Never-married', 'occupation': 'Sales', 'relationship': 'Not-in-family', 'race': 'Asian-Pac-Islander', 'gender': 'Female', 'capital-gain': 0, 'capital-loss': 1500, 'hours-per-week': 55, 'native-country': 'United-States', 'income': '<=50K'}"
"{'age': 35, 'workclass': 'Private', 'fnlwgt': 362112, 'education': 'Bachelors', 'educational-num': 14, 'marital-status': 'Never-married', 'occupation': 'Exec-managerial', 'relationship': 'Not-in-family', 'race': 'White', 'gender': 'Male', 'capital-gain': 1200, 'capital-loss': 2500, 'hours-per-week': 45, 'native-country': 'United-States', 'income': '<=50K'}","{'age': 48, 'workclass': 'Self-emp-not-inc', 'fnlwgt': 175429, 'education': 'Some-college', 'educational-num': 11, 'marital-status': 'Married-civ-spouse', 'occupation': 'Prof-specialty', 'relationship': 'Husband', 'race': 'Black', 'gender': 'Female', 'capital-gain': 2000, 'capital-loss': 4000, 'hours-per-week': 60, 'native-country': 'Mexico', 'income': '>50K'}"
"{'age': 35, 'workclass': 'Private', 'fnlwgt': 375201, 'education': 'Bachelors', 'educational-num': 14, 'marital-status': 'Married-civ-spouse', 'occupation': 'Exec-managerial', 'relationship': 'Husband', 'race': 'White', 'gender': 'Male', 'capital-gain': 2500, 'capital-loss': 0, 'hours-per-week': 45, 'native-country': 'United-States', 'income': '>50K'}","{'age': 42, 'workclass': 'State-gov', 'fnlwgt': 264004, 'education': 'Doctorate', 'educational-num': 16, 'marital-status': 'Married-civ-spouse', 'occupation': 'Prof-specialty', 'relationship': 'Wife', 'race': 'White', 'gender': 'Female', 'capital-gain': 0, 'capital-loss': 0, 'hours-per-week': 35, 'native-country': 'United-States', 'income': '<=50K'}"
"{'age': 35, 'workclass': 'Private', 'fnlwgt': 293456, 'education': 'Bachelors', 'educational-num': 14, 'marital-status': 'Married-civ-spouse', 'occupation': 'Prof-specialty', 'relationship': 'Husband', 'race': 'White', 'gender': 'Male', 'capital-gain': 12314, 'capital-loss': 34598, 'hours-per-week': 45, 'native-country': 'United-States', 'income': '<=50K'}","{'age': 42, 'workclass': 'Self-emp-not-inc', 'fnlwgt': 456021, 'education': 'Masters', 'educational-num': 15, 'marital-status': 'Married-civ-spouse', 'occupation': 'Exec-managerial', 'relationship': 'Wife', 'race': 'Asian', 'gender': 'Female', 'capital-gain': 78501, 'capital-loss': 5324, 'hours-per-week': 35, 'native-country': 'India', 'income': '>50K'}"
"{'age': 35, 'workclass': 'Private', 'fnlwgt': 265401, 'education': 'Bachelors', 'educational-num': 14, 'marital-status': 'Never-married', 'occupation': 'Exec-managerial', 'relationship': 'Not-in-family', 'race': 'White', 'gender': 'Male', 'capital-gain': 4761, 'capital-loss': 4510, 'hours-per-week': 45, 'native-country': 'United-States', 'income': '>50K'}","{'age': 42, 'workclass': 'Self-emp-not-inc', 'fnlwgt': 228465, 'education': 'Some-college', 'educational-num': 12, 'marital-status': 'Married-civ-spouse', 'occupation': 'Prof-specialty', 'relationship': 'Husband', 'race': 'Black', 'gender': 'Female', 'capital-gain': 6835, 'capital-loss': 2212, 'hours-per-week': 60, 'native-country': 'Cuba', 'income': '>50K'}"
"{'age': 35, 'workclass': 'Private', 'fnlwgt': 362111, 'education': 'Some-college', 'educational-num': 8, 'marital-status': 'Married-civ-spouse', 'occupation': 'Craft-repair', 'relationship': 'Husband', 'race': 'White', 'gender': 'Male', 'capital-gain': 12345, 'capital-loss': 3456, 'hours-per-week': 45, 'native-country': 'United-States', 'income': '>50K'}","{'age': 42, 'workclass': 'Self-emp-not-inc', 'fnlwgt': 214860, 'education': 'HS-grad', 'educational-num': 9, 'marital-status': 'Never-married', 'occupation': 'Prof-specialty', 'relationship': 'Not-in-family', 'race': 'Black', 'gender': 'Female', 'capital-gain': 7654, 'capital-loss': 1234, 'hours-per-week': 52, 'native-country': 'Cuba', 'income': '<=50K'}"
"{'age': 45, 'workclass': 'Private', 'fnlwgt': 128451, 'education': 'Bachelors', 'educational-num': 13, 'marital-status': 'Married-civ-spouse', 'occupation': 'Exec-managerial', 'relationship': 'Husband', 'race': 'White', 'gender': 'Male', 'capital-gain': 87000, 'capital-loss': 15000, 'hours-per-week': 50, 'native-country': 'United-States', 'income': '>50K'}","{'age': 35, 'workclass': 'Self-emp-not-inc', 'fnlwgt': 227670, 'education': 'Prof-school', 'educational-num': 16, 'marital-status': 'Never-married', 'occupation': 'Prof-specialty', 'relationship': 'Not-in-family', 'race': 'Asian-Pac-Islander', 'gender': 'Female', 'capital-gain': 2500, 'capital-loss': 1000, 'hours-per-week': 60, 'native-country': 'India', 'income': '>50K'}"
"{'age': 35, 'workclass': 'Private', 'fnlwgt': 256145, 'education': 'Bachelors', 'educational-num': 14, 'marital-status': 'Never-married', 'occupation': 'Exec-managerial', 'relationship': 'Not-in-family', 'race': 'White', 'gender': 'Male', 'capital-gain': 1200, 'capital-loss': 2500, 'hours-per-week': 60, 'native-country': 'United-States', 'income': '<=50K'}","{'age': 48, 'workclass': 'Self-emp-not-inc', 'fnlwgt': 194860, 'education': 'Some-college', 'educational-num': 9, 'marital-status': 'Married-civ-spouse', 'occupation': 'Prof-specialty', 'relationship': 'Husband', 'race': 'Black', 'gender': 'Female', 'capital-gain': 10000, 'capital-loss': 4000, 'hours-per-week': 45, 'native-country': 'Cuba', 'income': '>50K'}"
"{'age': 35, 'workclass': 'Private', 'fnlwgt': 368321, 'education': 'Some-college', 'educational-num': 8, 'marital-status': 'Married-civ-spouse', 'occupation': 'Craft-repair', 'relationship': 'Husband', 'race': 'Black', 'gender': 'Male', 'capital-gain': 12345, 'capital-loss': 6789, 'hours-per-week': 60, 'native-country': 'United-States', 'income': '>50K'}","{'age': 42, 'workclass': 'Self-emp-not-inc', 'fnlwgt': 234567, 'education': 'HS-grad', 'educational-num': 5, 'marital-status': 'Never-married', 'occupation': 'Prof-specialty', 'relationship': 'Not-in-family', 'race': 'White', 'gender': 'Female', 'capital-gain': 8765, 'capital-loss': 4321, 'hours-per-week': 45, 'native-country': 'Mexico', 'income': '<=50K'}"
"{'age': 35, 'workclass': 'Private', 'fnlwgt': 231011, 'education': 'Bachelors', 'educational-num': 13, 'marital-status': 'Never-married', 'occupation': 'Prof-specialty', 'relationship': 'Not-in-family', 'race': 'White', 'gender': 'Male', 'capital-gain': 12345, 'capital-loss': 0, 'hours-per-week': 40, 'native-country': 'United-States', 'income': '>50K'}","{'age': 42, 'workclass': 'Self-emp-not-inc', 'fnlwgt': 193025, 'education': 'Masters', 'educational-num': 14, 'marital-status': 'Married-civ-spouse', 'occupation': 'Exec-managerial', 'relationship': 'Husband', 'race': 'Black', 'gender': 'Female', 'capital-gain': 0, 'capital-loss': 5000, 'hours-per-week': 50, 'native-country': 'Canada', 'income': '<=50K'}"
"{'age': 35, 'workclass': 'Private', 'fnlwgt': 355121, 'education': 'Bachelors', 'educational-num': 14, 'marital-status': 'Never-married', 'occupation': 'Prof-specialty', 'relationship': 'Not-in-family', 'race': 'White', 'gender': 'Male', 'capital-gain': 1200, 'capital-loss': 2500, 'hours-per-week': 45, 'native-country': 'United-States', 'income': '<=50K'}","{'age': 42, 'workclass': 'Self-emp-not-inc', 'fnlwgt': 211542, 'education': 'Masters', 'educational-num': 15, 'marital-status': 'Married-civ-spouse', 'occupation': 'Exec-managerial', 'relationship': 'Wife', 'race': 'Black', 'gender': 'Female', 'capital-gain': 7000, 'capital-loss': 3000, 'hours-per-week': 55, 'native-country': 'Jamaica', 'income': '>50K'}"
"{'age': 35, 'workclass': 'Private', 'fnlwgt': 254123, 'education': 'Bachelors', 'educational-num': 14, 'marital-status': 'Married-civ-spouse', 'occupation': 'Exec-managerial', 'relationship': 'Husband', 'race': 'White', 'gender': 'Male', 'capital-gain': 36000, 'capital-loss': 0, 'hours-per-week': 45, 'native-country': 'United-States', 'income': '>50K'}","{'age': 42, 'workclass': 'Self-emp-not-inc', 'fnlwgt': 256167, 'education': 'Some-college', 'educational-num': 8, 'marital-status': 'Married-civ-spouse', 'occupation': 'Prof-specialty', 'relationship': 'Wife', 'race': 'Asian-Pac-Islander', 'gender': 'Female', 'capital-gain': 7500, 'capital-loss': 2000, 'hours-per-week': 60, 'native-country': 'United-States', 'income': '>50K'}"
"{'age': 35, 'workclass': 'Private', 'fnlwgt': 284876, 'education': 'Bachelors', 'educational-num': 14, 'marital-status': 'Married-civ-spouse', 'occupation': 'Exec-managerial', 'relationship': 'Husband', 'race': 'White', 'gender': 'Male', 'capital-gain': 12345, 'capital-loss': 0, 'hours-per-week': 45, 'native-country': 'United-States', 'income': '>50K'}","{'age': 42, 'workclass': 'Self-emp-not-inc', 'fnlwgt': 198233, 'education': 'Doctorate', 'educational-num': 16, 'marital-status': 'Married-civ-spouse', 'occupation': 'Prof-specialty', 'relationship': 'Wife', 'race': 'Asian-Pac-Islander', 'gender': 'Female', 'capital-gain': 0, 'capital-loss': 4567, 'hours-per-week': 60, 'native-country': 'China', 'income': '<=50K'}"
"{'age': 35, 'workclass': 'Private', 'fnlwgt': 271954, 'education': 'Some-college', 'educational-num': 4, 'marital-status': 'Other', 'occupation': 'Other', 'relationship': 'Other', 'race': 'Black', 'gender': 'Male', 'capital-gain': 68813, 'capital-loss': 31412, 'hours-per-week': 60, 'native-country': 'Other', 'income': '<=50K'}","{'age': 42, 'workclass': 'Self-emp-not-inc', 'fnlwgt': 413092, 'education': 'HS-grad', 'educational-num': 16, 'marital-status': 'Other', 'occupation': 'Other', 'relationship': 'Husband', 'race': 'Black', 'gender': 'Female', 'capital-gain': 43181, 'capital-loss': 5488, 'hours-per-week': 69, 'native-country': 'United-States', 'income': '>50K'}"
"{'age': 35, 'workclass': 'Private', 'fnlwgt': 380201, 'education': 'Bachelors', 'educational-num': 13, 'marital-status': 'Married-civ-spouse', 'occupation': 'Exec-managerial', 'relationship': 'Husband', 'race': 'White', 'gender': 'Male', 'capital-gain': 35000, 'capital-loss': 0, 'hours-per-week': 45, 'native-country': 'United-States', 'income': '>50K'}","{'age': 42, 'workclass': 'State-gov', 'fnlwgt': 265135, 'education': 'Doctorate', 'educational-num': 16, 'marital-status': 'Divorced', 'occupation': 'Prof-specialty', 'relationship': 'Not-in-family', 'race': 'Black', 'gender': 'Female', 'capital-gain': 16000, 'capital-loss': 2000, 'hours-per-week': 50, 'native-country': 'United-States', 'income': '>50K'}"
"{'age': 35, 'workclass': 'Private', 'fnlwgt': 364011, 'education': 'Bachelors', 'educational-num': 14, 'marital-status': 'Married-civ-spouse', 'occupation': 'Exec-managerial', 'relationship': 'Husband', 'race': 'White', 'gender': 'Male', 'capital-gain': 12000, 'capital-loss': 0, 'hours-per-week': 50, 'native-country': 'United-States', 'income': '>50K'}","{'age': 46, 'workclass': 'Self-emp-not-inc', 'fnlwgt': 228179, 'education': 'Some-college', 'educational-num': 9, 'marital-status': 'Married-civ-spouse', 'occupation': 'Sales', 'relationship': 'Wife', 'race': 'Asian-Pac-Islander', 'gender': 'Female', 'capital-gain': 0, 'capital-loss': 1000, 'hours-per-week': 40, 'native-country': 'China', 'income': '<=50K'}"
"{'age': 35, 'workclass': 'Private', 'fnlwgt': 254124, 'education': 'HS-grad', 'educational-num': 9, 'marital-status': 'Married-civ-spouse', 'occupation': 'Craft-repair', 'relationship': 'Husband', 'race': 'White', 'gender': 'Male', 'capital-gain': 8361, 'capital-loss': 4791, 'hours-per-week': 35, 'native-country': 'United-States', 'income': '<=50K'}","{'age': 48, 'workclass': 'Self-emp-not-inc', 'fnlwgt': 122333, 'education': 'Some-college', 'educational-num': 11, 'marital-status': 'Never-married', 'occupation': 'Prof-specialty', 'relationship': 'Not-in-family', 'race': 'Black', 'gender': 'Female', 'capital-gain': 25343, 'capital-loss': 36517, 'hours-per-week': 65, 'native-country': 'Mexico', 'income': '>50K'}"
"{'age': 35, 'workclass': 'Private', 'fnlwgt': 235121, 'education': 'Bachelors', 'educational-num': 14, 'marital-status': 'Never-married', 'occupation': 'Prof-specialty', 'relationship': 'Not-in-family', 'race': 'White', 'gender': 'Male', 'capital-gain': 5631, 'capital-loss': 324, 'hours-per-week': 45, 'native-country': 'United-States', 'income': '>50K'}","{'age': 42, 'workclass': 'Self-emp-not-inc', 'fnlwgt': 354126, 'education': 'Masters', 'educational-num': 15, 'marital-status': 'Married-civ-spouse', 'occupation': 'Exec-managerial', 'relationship': 'Husband', 'race': 'Black', 'gender': 'Female', 'capital-gain': 8705, 'capital-loss': 1296, 'hours-per-week': 55, 'native-country': 'United-States', 'income': '>50K'}"
"{'age': 35, 'workclass': 'Private', 'fnlwgt': 265184, 'education': 'Bachelors', 'educational-num': 14, 'marital-status': 'Married-civ-spouse', 'occupation': 'Exec-managerial', 'relationship': 'Husband', 'race': 'White', 'gender': 'Male', 'capital-gain': 28000, 'capital-loss': 0, 'hours-per-week': 45, 'native-country': 'United-States', 'income': '>50K'}","{'age': 42, 'workclass': 'Self-emp-not-inc', 'fnlwgt': 284981, 'education': 'Doctorate', 'educational-num': 16, 'marital-status': 'Married-civ-spouse', 'occupation': 'Prof-specialty', 'relationship': 'Wife', 'race': 'Asian-Pac-Islander', 'gender': 'Female', 'capital-gain': 25000, 'capital-loss': 0, 'hours-per-week': 60, 'native-country': 'China', 'income': '>50K'}"
"{'age': 35, 'workclass': 'Private', 'fnlwgt': 254126, 'education': 'Bachelors', 'educational-num': 14, 'marital-status': 'Never-married', 'occupation': 'Exec-managerial', 'relationship': 'Not-in-family', 'race': 'White', 'gender': 'Male', 'capital-gain': 12000, 'capital-loss': 2000, 'hours-per-week': 45, 'native-country': 'United-States', 'income': '>50K'}","{'age': 52, 'workclass': 'Self-emp-not-inc', 'fnlwgt': 424101, 'education': 'Some-college', 'educational-num': 8, 'marital-status': 'Married-civ-spouse', 'occupation': 'Prof-specialty', 'relationship': 'Husband', 'race': 'Black', 'gender': 'Female', 'capital-gain': 35000, 'capital-loss': 1500, 'hours-per-week': 50, 'native-country': 'Mexico', 'income': '>50K'}"
"{'age': 35, 'workclass': 'Private', 'fnlwgt': 254126, 'education': 'Some-college', 'educational-num': 8, 'marital-status': 'Married-civ-spouse', 'occupation': 'Exec-managerial', 'relationship': 'Husband', 'race': 'White', 'gender': 'Male', 'capital-gain': 2500, 'capital-loss': 10000, 'hours-per-week': 45, 'native-country': 'United-States', 'income': '<=50K'}","{'age': 42, 'workclass': 'Self-emp-not-inc', 'fnlwgt': 303144, 'education': 'HS-grad', 'educational-num': 4, 'marital-status': 'Divorced', 'occupation': 'Adm-clerical', 'relationship': 'Not-in-family', 'race': 'Black', 'gender': 'Female', 'capital-gain': 0, 'capital-loss': 3000, 'hours-per-week': 55, 'native-country': 'United-States', 'income': '>50K'}"
"{'age': 35, 'workclass': 'Private', 'fnlwgt': 364424, 'education': 'Bachelors', 'educational-num': 14, 'marital-status': 'Married-civ-spouse', 'occupation': 'Exec-managerial', 'relationship': 'Husband', 'race': 'White', 'gender': 'Male', 'capital-gain': 3500, 'capital-loss': 2000, 'hours-per-week': 45, 'native-country': 'United-States', 'income': '>50K'}","{'age': 42, 'workclass': 'Self-emp-not-inc', 'fnlwgt': 190382, 'education': 'Doctorate', 'educational-num': 16, 'marital-status': 'Divorced', 'occupation': 'Prof-specialty', 'relationship': 'Not-in-family', 'race': 'Asian-Pac-Islander', 'gender': 'Female', 'capital-gain': 8000, 'capital-loss': 1000, 'hours-per-week': 40, 'native-country': 'China', 'income': '>50K'}"
"{'age': 35, 'workclass': 'Private', 'fnlwgt': 362225, 'education': 'Bachelors', 'educational-num': 14, 'marital-status': 'Married-civ-spouse', 'occupation': 'Prof-specialty', 'relationship': 'Husband', 'race': 'White', 'gender': 'Male', 'capital-gain': 12345, 'capital-loss': 5000, 'hours-per-week': 45, 'native-country': 'United-States', 'income': '>50K'}","{'age': 42, 'workclass': 'Self-emp-not-inc', 'fnlwgt': 438260, 'education': 'Masters', 'educational-num': 15, 'marital-status': 'Never-married', 'occupation': 'Exec-managerial', 'relationship': 'Not-in-family', 'race': 'Asian-Pac-Islander', 'gender': 'Female', 'capital-gain': 7000, 'capital-loss': 2000, 'hours-per-week': 55, 'native-country': 'India', 'income': '>50K'}"
"{'age': 35, 'workclass': 'Private', 'fnlwgt': 271954, 'education': 'Some-college', 'educational-num': 4, 'marital-status': 'Other', 'occupation': 'Other', 'relationship': 'Other', 'race': 'Black', 'gender': 'Male', 'capital-gain': 68813, 'capital-loss': 31412, 'hours-per-week': 60, 'native-country': 'Other', 'income': '<=50K'}","{'age': 42, 'workclass': 'Self-emp-not-inc', 'fnlwgt': 311828, 'education': 'HS-grad', 'educational-num': 10, 'marital-status': 'Married-civ-spouse', 'occupation': 'Craft-repair', 'relationship': 'Husband', 'race': 'Other', 'gender': 'Female', 'capital-gain': 12132, 'capital-loss': 24006, 'hours-per-week': 98, 'native-country': 'Other', 'income': '<=50K'}"
"{'age': 35, 'workclass': 'Private', 'fnlwgt': 389482, 'education': 'Bachelors', 'educational-num': 14, 'marital-status': 'Never-married', 'occupation': 'Exec-managerial', 'relationship': 'Not-in-family', 'race': 'White', 'gender': 'Male', 'capital-gain': 12345, 'capital-loss': 5000, 'hours-per-week': 45, 'native-country': 'United-States', 'income': '>50K'}","{'age': 42, 'workclass': 'Self-emp-not-inc', 'fnlwgt': 211421, 'education': 'Some-college', 'educational-num': 9, 'marital-status': 'Married-civ-spouse', 'occupation': 'Prof-specialty', 'relationship': 'Husband', 'race': 'Asian-Pac-Islander', 'gender': 'Female', 'capital-gain': 2000, 'capital-loss': 1000, 'hours-per-week': 55, 'native-country': 'China', 'income': '>50K'}"
"{'age': 35, 'workclass': 'Private', 'fnlwgt': 265184, 'education': 'Bachelors', 'educational-num': 14, 'marital-status': 'Never-married', 'occupation': 'Prof-specialty', 'relationship': 'Not-in-family', 'race': 'White', 'gender': 'Male', 'capital-gain': 5680, 'capital-loss': 2321, 'hours-per-week': 45, 'native-country': 'United-States', 'income': '>50K'}","{'age': 42, 'workclass': 'Self-emp-not-inc', 'fnlwgt': 271911, 'education': 'HS-grad', 'educational-num': 9, 'marital-status': 'Married-civ-spouse', 'occupation': 'Exec-managerial', 'relationship': 'Husband', 'race': 'Black', 'gender': 'Female', 'capital-gain': 12861, 'capital-loss': 2504, 'hours-per-week': 55, 'native-country': 'Cuba', 'income': '>50K'}"
"{'age': 45, 'workclass': 'Private', 'fnlwgt': 395121, 'education': 'Bachelors', 'educational-num': 13, 'marital-status': 'Married-civ-spouse', 'occupation': 'Exec-managerial', 'relationship': 'Husband', 'race': 'White', 'gender': 'Male', 'capital-gain': 47610, 'capital-loss': 17853, 'hours-per-week': 55, 'native-country': 'United-States', 'income': '>50K'}","{'age': 35, 'workclass': 'Self-emp-not-inc', 'fnlwgt': 241312, 'education': 'Some-college', 'educational-num': 8, 'marital-status': 'Never-married', 'occupation': 'Prof-specialty', 'relationship': 'Not-in-family', 'race': 'Black', 'gender': 'Female', 'capital-gain': 12894, 'capital-loss': 2718, 'hours-per-week': 69, 'native-country': 'Mexico', 'income': '<=50K'}"
"{'age': 35, 'workclass': 'Private', 'fnlwgt': 360312, 'education': 'HS-grad', 'educational-num': 9, 'marital-status': 'Married-civ-spouse', 'occupation': 'Craft-repair', 'relationship': 'Husband', 'race': 'Black', 'gender': 'Male', 'capital-gain': 45121, 'capital-loss': 26381, 'hours-per-week': 55, 'native-country': 'United-States', 'income': '<=50K'}","{'age': 48, 'workclass': 'Self-emp-not-inc', 'fnlwgt': 271053, 'education': 'Some-college', 'educational-num': 11, 'marital-status': 'Never-married', 'occupation': 'Prof-specialty', 'relationship': 'Not-in-family', 'race': 'White', 'gender': 'Female', 'capital-gain': 35871, 'capital-loss': 23783, 'hours-per-week': 45, 'native-country': 'United-States', 'income': '>50K'}"
"{'age': 35, 'workclass': 'Private', 'fnlwgt': 381211, 'education': 'Bachelors', 'educational-num': 13, 'marital-status': 'Married-civ-spouse', 'occupation': 'Prof-specialty', 'relationship': 'Husband', 'race': 'White', 'gender': 'Male', 'capital-gain': 4761, 'capital-loss': 1850, 'hours-per-week': 50, 'native-country': 'United-States', 'income': '>50K'}","{'age': 42, 'workclass': 'Private', 'fnlwgt': 165821, 'education': 'Some-college', 'educational-num': 8, 'marital-status': 'Married-civ-spouse', 'occupation': 'Exec-managerial', 'relationship': 'Wife', 'race': 'Black', 'gender': 'Female', 'capital-gain': 0, 'capital-loss': 0, 'hours-per-week': 40, 'native-country': 'United-States', 'income': '<=50K'}"
"{'age': 44, 'workclass': 'Private', 'fnlwgt': 152017, 'education': 'Bachelors', 'educational-num': 14, 'marital-status': 'Never-married', 'occupation': 'Prof-specialty', 'relationship': 'Other', 'race': 'White', 'gender': 'Male', 'capital-gain': 123548, 'capital-loss': 26154, 'hours-per-week': 55, 'native-country': 'United-States', 'income': '>50K'}","{'age': 35, 'workclass': 'Private', 'fnlwgt': 380115, 'education': 'Some-college', 'educational-num': 8, 'marital-status': 'Married-civ-spouse', 'occupation': 'Sales', 'relationship': 'Husband', 'race': 'White', 'gender': 'Female', 'capital-gain': 2546, 'capital-loss': 2083, 'hours-per-week': 44, 'native-country': 'United-States', 'income': '<=50K'}"
"{'age': 45, 'workclass': 'Private', 'fnlwgt': 312235, 'education': 'Bachelors', 'educational-num': 14, 'marital-status': 'Married-civ-spouse', 'occupation': 'Exec-managerial', 'relationship': 'Husband', 'race': 'White', 'gender': 'Male', 'capital-gain': 8754, 'capital-loss': 4645, 'hours-per-week': 45, 'native-country': 'United-States', 'income': '>50K'}","{'age': 35, 'workclass': 'Self-emp-not-inc', 'fnlwgt': 305782, 'education': 'Some-college', 'educational-num': 9, 'marital-status': 'Divorced', 'occupation': 'Sales', 'relationship': 'Not-in-family', 'race': 'Black', 'gender': 'Female', 'capital-gain': 33254, 'capital-loss': 49021, 'hours-per-week': 55, 'native-country': 'Mexico', 'income': '<=50K'}"
"{'age': 45, 'workclass': 'Private', 'fnlwgt': 261234, 'education': 'Bachelors', 'educational-num': 13, 'marital-status': 'Married-civ-spouse', 'occupation': 'Exec-managerial', 'relationship': 'Husband', 'race': 'White', 'gender': 'Male', 'capital-gain': 3500, 'capital-loss': 1200, 'hours-per-week': 45, 'native-country': 'United-States', 'income': '>50K'}","{'age': 35, 'workclass': 'Self-emp-not-inc', 'fnlwgt': 175300, 'education': 'Masters', 'educational-num': 14, 'marital-status': 'Never-married', 'occupation': 'Prof-specialty', 'relationship': 'Not-in-family', 'race': 'Black', 'gender': 'Female', 'capital-gain': 12000, 'capital-loss': 2000, 'hours-per-week': 55, 'native-country': 'Canada', 'income': '>50K'}"
"{'age': 45, 'workclass': 'Private', 'fnlwgt': 261235, 'education': 'Bachelors', 'educational-num': 14, 'marital-status': 'Married-civ-spouse', 'occupation': 'Exec-managerial', 'relationship': 'Husband', 'race': 'White', 'gender': 'Male', 'capital-gain': 3500, 'capital-loss': 0, 'hours-per-week': 45, 'native-country': 'United-States', 'income': '>50K'}","{'age': 34, 'workclass': 'Self-emp-not-inc', 'fnlwgt': 345678, 'education': 'Some-college', 'educational-num': 6, 'marital-status': 'Never-married', 'occupation': 'Sales', 'relationship': 'Not-in-family', 'race': 'Black', 'gender': 'Female', 'capital-gain': 8000, 'capital-loss': 2000, 'hours-per-week': 50, 'native-country': 'Jamaica', 'income': '>50K'}"
"{'age': 45, 'workclass': 'Private', 'fnlwgt': 254125, 'education': 'Some-college', 'educational-num': 5, 'marital-status': 'Married-civ-spouse', 'occupation': 'Exec-managerial', 'relationship': 'Husband', 'race': 'White', 'gender': 'Male', 'capital-gain': 3527, 'capital-loss': 1261, 'hours-per-week': 50, 'native-country': 'United-States', 'income': '>50K'}","{'age': 34, 'workclass': 'Self-emp-not-inc', 'fnlwgt': 273608, 'education': 'Bachelors', 'educational-num': 14, 'marital-status': 'Never-married', 'occupation': 'Prof-specialty', 'relationship': 'Not-in-family', 'race': 'Asian-Pac-Islander', 'gender': 'Female', 'capital-gain': 10571, 'capital-loss': 5583, 'hours-per-week': 60, 'native-country': 'United-States', 'income': '>50K'}"
"{'age': 45, 'workclass': 'Private', 'fnlwgt': 241235, 'education': 'Bachelors', 'educational-num': 13, 'marital-status': 'Married-civ-spouse', 'occupation': 'Exec-managerial', 'relationship': 'Husband', 'race': 'White', 'gender': 'Male', 'capital-gain': 47612, 'capital-loss': 10404, 'hours-per-week': 45, 'native-country': 'United-States', 'income': '>50K'}","{'age': 35, 'workclass': 'Self-emp-not-inc', 'fnlwgt': 304011, 'education': 'Some-college', 'educational-num': 8, 'marital-status': 'Married-civ-spouse', 'occupation': 'Sales', 'relationship': 'Wife', 'race': 'Asian-Pac-Islander', 'gender': 'Female', 'capital-gain': 0, 'capital-loss': 0, 'hours-per-week': 55, 'native-country': 'India', 'income': '<=50K'}"
"{'age': 45, 'workclass': 'Private', 'fnlwgt': 123123, 'education': 'Bachelors', 'educational-num': 16, 'marital-status': 'Married-civ-spouse', 'occupation': 'Exec-managerial', 'relationship': 'Husband', 'race': 'White', 'gender': 'Male', 'capital-gain': 87654, 'capital-loss': 12345, 'hours-per-week': 45, 'native-country': 'United-States', 'income': '>50K'}","{'age': 35, 'workclass': 'Private', 'fnlwgt': 234234, 'education': 'Some-college', 'educational-num': 5, 'marital-status': 'Never-married', 'occupation': 'Prof-specialty', 'relationship': 'Not-in-family', 'race': 'Asian-Pac-Islander', 'gender': 'Female', 'capital-gain': 45678, 'capital-loss': 34345, 'hours-per-week': 55, 'native-country': 'United-States', 'income': '<=50K'}"
"{'age': 35, 'workclass': 'Self-emp-not-inc', 'fnlwgt': 69813, 'education': 'Some-college', 'educational-num': 7, 'marital-status': 'Other', 'occupation': 'Prof-specialty', 'relationship': 'Not-in-family', 'race': 'White', 'gender': 'Male', 'capital-gain': 51540, 'capital-loss': 41571, 'hours-per-week': 56, 'native-country': 'United-States', 'income': '>50K'}","{'age': 48, 'workclass': 'Private', 'fnlwgt': 249173, 'education': 'HS-grad', 'educational-num': 13, 'marital-status': 'Never-married', 'occupation': 'Craft-repair', 'relationship': 'Other', 'race': 'Other', 'gender': 'Female', 'capital-gain': 44276, 'capital-loss': 11513, 'hours-per-week': 23, 'native-country': 'Other', 'income': '<=50K'}"
"{'age': 45, 'workclass': 'Private', 'fnlwgt': 123123, 'education': 'Bachelors', 'educational-num': 16, 'marital-status': 'Married-civ-spouse', 'occupation': 'Prof-specialty', 'relationship': 'Husband', 'race': 'White', 'gender': 'Male', 'capital-gain': 5000, 'capital-loss': 2000, 'hours-per-week': 40, 'native-country': 'United-States', 'income': '>50K'}","{'age': 35, 'workclass': 'Private', 'fnlwgt': 234234, 'education': 'Some-college', 'educational-num': 5, 'marital-status': 'Never-married', 'occupation': 'Sales', 'relationship': 'Not-in-family', 'race': 'Asian', 'gender': 'Female', 'capital-gain': 0, 'capital-loss': 0, 'hours-per-week': 55, 'native-country': 'India', 'income': '<=50K'}"
"{'age': 45, 'workclass': 'Private', 'fnlwgt': 265636, 'education': 'Bachelors', 'educational-num': 14, 'marital-status': 'Married-civ-spouse', 'occupation': 'Exec-managerial', 'relationship': 'Husband', 'race': 'White', 'gender': 'Male', 'capital-gain': 12354, 'capital-loss': 4748, 'hours-per-week': 55, 'native-country': 'United-States', 'income': '>50K'}","{'age': 35, 'workclass': 'Self-emp-not-inc', 'fnlwgt': 319202, 'education': 'Some-college', 'educational-num': 8, 'marital-status': 'Divorced', 'occupation': 'Prof-specialty', 'relationship': 'Not-in-family', 'race': 'Black', 'gender': 'Female', 'capital-gain': 8512, 'capital-loss': 2350, 'hours-per-week': 58, 'native-country': 'United-States', 'income': '>50K'}"
"{'age': 35, 'workclass': 'Private', 'fnlwgt': 361221, 'education': 'Bachelors', 'educational-num': 14, 'marital-status': 'Married-civ-spouse', 'occupation': 'Exec-managerial', 'relationship': 'Husband', 'race': 'White', 'gender': 'Male', 'capital-gain': 12314, 'capital-loss': 1122, 'hours-per-week': 55, 'native-country': 'United-States', 'income': '>50K'}","{'age': 42, 'workclass': 'Self-emp-not-inc', 'fnlwgt': 422992, 'education': 'HS-grad', 'educational-num': 9, 'marital-status': 'Never-married', 'occupation': 'Sales', 'relationship': 'Not-in-family', 'race': 'Black', 'gender': 'Female', 'capital-gain': 0, 'capital-loss': 1682, 'hours-per-week': 60, 'native-country': 'United-States', 'income': '<=50K'}"
"{'age': 35, 'workclass': 'Private', 'fnlwgt': 264001, 'education': 'Bachelors', 'educational-num': 13, 'marital-status': 'Married-civ-spouse', 'occupation': 'Exec-managerial', 'relationship': 'Husband', 'race': 'White', 'gender': 'Male', 'capital-gain': 12345, 'capital-loss': 0, 'hours-per-week': 45, 'native-country': 'United-States', 'income': '>50K'}","{'age': 42, 'workclass': 'Self-emp-not-inc', 'fnlwgt': 356002, 'education': 'Doctorate', 'educational-num': 16, 'marital-status': 'Divorced', 'occupation': 'Prof-specialty', 'relationship': 'Not-in-family', 'race': 'Asian-Pac-Islander', 'gender': 'Female', 'capital-gain': 10000, 'capital-loss': 1200, 'hours-per-week': 55, 'native-country': 'China', 'income': '>50K'}"
"{'age': 35, 'workclass': 'Private', 'fnlwgt': 382111, 'education': 'Bachelors', 'educational-num': 13, 'marital-status': 'Married-civ-spouse', 'occupation': 'Exec-managerial', 'relationship': 'Husband', 'race': 'White', 'gender': 'Male', 'capital-gain': 12308, 'capital-loss': 18024, 'hours-per-week': 45, 'native-country': 'United-States', 'income': '>50K'}","{'age': 52, 'workclass': 'Self-emp-not-inc', 'fnlwgt': 130654, 'education': 'Some-college', 'educational-num': 8, 'marital-status': 'Divorced', 'occupation': 'Prof-specialty', 'relationship': 'Not-in-family', 'race': 'Black', 'gender': 'Female', 'capital-gain': 23620, 'capital-loss': 21069, 'hours-per-week': 40, 'native-country': 'Cuba', 'income': '<=50K'}"
"{'age': 35, 'workclass': 'Private', 'fnlwgt': 258742, 'education': 'Bachelors', 'educational-num': 14, 'marital-status': 'Never-married', 'occupation': 'Exec-managerial', 'relationship': 'Not-in-family', 'race': 'White', 'gender': 'Male', 'capital-gain': 0, 'capital-loss': 0, 'hours-per-week': 40, 'native-country': 'United-States', 'income': '<=50K'}","{'age': 42, 'workclass': 'Self-emp-not-inc', 'fnlwgt': 169321, 'education': 'Masters', 'educational-num': 15, 'marital-status': 'Married-civ-spouse', 'occupation': 'Prof-specialty', 'relationship': 'Husband', 'race': 'Black', 'gender': 'Female', 'capital-gain': 2000, 'capital-loss': 0, 'hours-per-week': 50, 'native-country': 'United-States', 'income': '>50K'}"
"{'age': 35, 'workclass': 'Private', 'fnlwgt': 265312, 'education': 'Bachelors', 'educational-num': 14, 'marital-status': 'Married-civ-spouse', 'occupation': 'Exec-managerial', 'relationship': 'Husband', 'race': 'White', 'gender': 'Male', 'capital-gain': 12345, 'capital-loss': 23456, 'hours-per-week': 45, 'native-country': 'United-States', 'income': '<=50K'}","{'age': 42, 'workclass': 'Self-emp-not-inc', 'fnlwgt': 321456, 'education': 'Doctorate', 'educational-num': 16, 'marital-status': 'Divorced', 'occupation': 'Prof-specialty', 'relationship': 'Not-in-family', 'race': 'Asian-Pac-Islander', 'gender': 'Female', 'capital-gain': 65432, 'capital-loss': 78901, 'hours-per-week': 60, 'native-country': 'China', 'income': '>50K'}"
"{'age': 35, 'workclass': 'Private', 'fnlwgt': 345201, 'education': 'Bachelors', 'educational-num': 14, 'marital-status': 'Never-married', 'occupation': 'Exec-managerial', 'relationship': 'Not-in-family', 'race': 'White', 'gender': 'Male', 'capital-gain': 2100, 'capital-loss': 4000, 'hours-per-week': 55, 'native-country': 'United-States', 'income': '<=50K'}","{'age': 42, 'workclass': 'Self-emp-not-inc', 'fnlwgt': 205300, 'education': 'Doctorate', 'educational-num': 16, 'marital-status': 'Married-civ-spouse', 'occupation': 'Prof-specialty', 'relationship': 'Husband', 'race': 'Black', 'gender': 'Female', 'capital-gain': 6000, 'capital-loss': 2000, 'hours-per-week': 35, 'native-country': 'Jamaica', 'income': '>50K'}"
"{'age': 35, 'workclass': 'Private', 'fnlwgt': 245631, 'education': 'Bachelors', 'educational-num': 14, 'marital-status': 'Never-married', 'occupation': 'Exec-managerial', 'relationship': 'Not-in-family', 'race': 'White', 'gender': 'Male', 'capital-gain': 3614, 'capital-loss': 1584, 'hours-per-week': 50, 'native-country': 'United-States', 'income': '>50K'}","{'age': 52, 'workclass': 'Private', 'fnlwgt': 345321, 'education': 'Some-college', 'educational-num': 8, 'marital-status': 'Married-civ-spouse', 'occupation': 'Sales', 'relationship': 'Husband', 'race': 'Black', 'gender': 'Female', 'capital-gain': 0, 'capital-loss': 5564, 'hours-per-week': 45, 'native-country': 'United-States', 'income': '<=50K'}"
"{'age': 35, 'workclass': 'Private', 'fnlwgt': 264122, 'education': 'Bachelors', 'educational-num': 14, 'marital-status': 'Never-married', 'occupation': 'Prof-specialty', 'relationship': 'Not-in-family', 'race': 'White', 'gender': 'Male', 'capital-gain': 3500, 'capital-loss': 5000, 'hours-per-week': 45, 'native-country': 'United-States', 'income': '<=50K'}","{'age': 42, 'workclass': 'Self-emp-not-inc', 'fnlwgt': 165300, 'education': 'Masters', 'educational-num': 15, 'marital-status': 'Married-civ-spouse', 'occupation': 'Exec-managerial', 'relationship': 'Husband', 'race': 'Black', 'gender': 'Female', 'capital-gain': 12000, 'capital-loss': 0, 'hours-per-week': 55, 'native-country': 'Jamaica', 'income': '>50K'}"
"{'age': 35, 'workclass': 'Private', 'fnlwgt': 402315, 'education': 'Some-college', 'educational-num': 7, 'marital-status': 'Married-civ-spouse', 'occupation': 'Sales', 'relationship': 'Husband', 'race': 'White', 'gender': 'Male', 'capital-gain': 8361, 'capital-loss': 12800, 'hours-per-week': 45, 'native-country': 'United-States', 'income': '<=50K'}","{'age': 47, 'workclass': 'Private', 'fnlwgt': 320324, 'education': 'HS-grad', 'educational-num': 9, 'marital-status': 'Never-married', 'occupation': 'Craft-repair', 'relationship': 'Not-in-family', 'race': 'Black', 'gender': 'Female', 'capital-gain': 0, 'capital-loss': 0, 'hours-per-week': 49, 'native-country': 'Mexico', 'income': '<=50K'}"
"{'age': 35, 'workclass': 'Private', 'fnlwgt': 264007, 'education': 'Bachelors', 'educational-num': 13, 'marital-status': 'Never-married', 'occupation': 'Exec-managerial', 'relationship': 'Not-in-family', 'race': 'White', 'gender': 'Male', 'capital-gain': 3668, 'capital-loss': 1822, 'hours-per-week': 45, 'native-country': 'United-States', 'income': '>50K'}","{'age': 42, 'workclass': 'Self-emp-not-inc', 'fnlwgt': 143364, 'education': 'Some-college', 'educational-num': 9, 'marital-status': 'Married-civ-spouse', 'occupation': 'Prof-specialty', 'relationship': 'Husband', 'race': 'Asian-Pac-Islander', 'gender': 'Female', 'capital-gain': 19303, 'capital-loss': 1390, 'hours-per-week': 60, 'native-country': 'India', 'income': '>50K'}"
